numeroFissazioni,startTime,duration,position_x,position_y,position_z
1,0.014977,0.48086999999999996,0.43814882424403767,0.4545478710990444,569.5348399252692
2,0.515828,0.20036300000000007,0.4241620268102524,0.4712412067713566,505.60989746577724
3,0.736282,0.490865,0.43103848506805187,0.47371487216742303,528.3134326414448
4,1.267219,0.18034299999999992,0.4856053099946008,0.4474463991278163,490.1552032254303
5,1.467582,1.4525970000000001,0.47767949784335406,0.45399915172573607,496.297157256715
6,2.940269,0.6812330000000002,0.4828349103050924,0.4439033419860374,480.56978463601683
7,3.641484,0.2805069999999996,0.4878118834553829,0.4510249285258885,506.838808944488
8,3.942082,0.8915899999999999,0.476499842767926,0.4490406850496807,553.7476078107925
9,4.853725,0.3706770000000006,0.4815144532757092,0.45042128691891153,542.2954144943412
10,5.244383,1.0318990000000001,0.47506501188823413,0.45062631331973624,516.2945661823572
11,6.296334,1.3424130000000005,0.4830834871058143,0.45607816636219894,519.6267270887996
12,7.658799,0.1703159999999997,0.472211091181607,0.4552779305474729,502.5352366382991
13,7.849096,0.14030899999999935,0.46085451064819255,0.4728393291791946,568.9479669551577
14,8.069549,0.06005299999999991,0.31480612771656596,0.708725535437212,391.8457844877772
15,8.149694,0.40072499999999955,0.3099262610357392,0.7198362681224733,468.45623937646576
16,8.5704,0.5209430000000008,0.31700057030510215,0.7030214874078616,452.4680147871538
17,9.131415,0.15030400000000022,0.3197073546576587,0.7109592723033262,487.47590062662874
18,9.301771,0.21038800000000002,0.3420731748093223,0.6864997536618452,599.8251618099657
19,9.582279,0.12021700000000024,0.466580284939722,0.509862790420005,599.923056233299
20,9.74257,0.6812319999999996,0.46187110037670676,0.4580048771644022,530.9646656686124
21,10.493881,0.04007200000000033,0.29385276262356613,0.43548397928246874,455.93185200972505
22,10.554045,0.21035700000000013,0.2863836670235795,0.42903025627330643,460.8841277965442
23,10.784455,0.19029600000000002,0.29446844746559286,0.4219396344179615,436.39543983052573
24,10.994842,0.4607790000000005,0.2944347100545677,0.43213604112732773,383.58020525329755
25,11.475712,0.04007299999999958,0.30083951085607147,0.42432928230527106,483.4839468857653
26,11.535766,0.1503029999999992,0.2906715683665888,0.4261040084787057,389.5857354380829
27,11.706122,0.09016999999999875,0.3005841557695329,0.43070100438795145,442.19917594838506
28,11.816274,0.4208149999999993,0.30432321730950196,0.4202577936877917,439.48480775252926
29,12.257072,0.310592999999999,0.3056016636344983,0.4356766398204332,402.2561923729671
30,12.597742,0.04007200000000033,0.3066463842482072,0.42976991031312506,462.826026955123
31,12.657796,0.49093600000000137,0.3330292513400354,0.4290922290956257,663.096196046438
32,13.188804,0.04007300000000136,0.37899994846191,0.4365426921088172,512.094097601726
33,13.248896,0.29049499999999995,0.3812249381350726,0.4250522520116128,557.3503289484595
34,13.559482,0.18027200000000043,0.3933035490100816,0.42614806659443166,489.9013295801248
35,13.759844,0.3105550000000008,0.37029356191659857,0.424406954565635,580.8082457867272
36,14.120498,0.07011900000000004,0.2990243533380042,0.43005020724359766,406.2322418354547
37,14.210637,0.16028999999999982,0.312646590051587,0.42946426240536906,516.6073454236828
38,14.410999,0.02005299999999899,0.3510077391470728,0.42379213684349976,594.4472678966581
39,14.451072,0.24043600000000076,0.3229555460466319,0.18195070678921216,447.5715123654038
40,14.771652,0.20036200000000015,0.3976962604522664,0.427424971490259,461.1956677403822
41,14.992067,0.060091999999999146,0.3771062677632801,0.4281054505370968,492.3016281666511
42,15.102219,0.030084999999999695,0.3022165660375384,0.4221720071742332,434.7529492005524
43,15.152356,0.6611810000000009,0.3187800324923328,0.427380779359122,496.59936671009723
44,15.893682,0.10019699999999965,0.5426637170197411,0.37224035366328573,759.2414904741617
45,16.033952,0.430731999999999,0.5684511881348333,0.34600107704701394,700.7039763138517
46,16.484775,0.11019100000000037,0.559473601735707,0.35209515982975786,649.302157982228
47,16.614986,0.8215040000000009,0.5554331654135286,0.3616415623662086,492.15975457497495
48,17.456509,0.3005609999999983,0.5580721155813015,0.3504448233817546,538.7312800236659
49,17.777089,0.35065799999999925,0.5528263937132558,0.36088865683072563,531.6234210645109
50,18.147729,0.30059799999999726,0.5534640797569299,0.3720692414273419,501.4947333682272
51,18.468308,0.45086399999999927,0.5572117653432306,0.3602677169962635,631.3738161267983
52,18.939192,0.6712370000000014,0.5556858555205435,0.3481788436463662,547.9740584405201
53,19.630411,1.0219040000000028,0.5585868965056776,0.3581786693386233,524.3487675448223
54,20.672296,0.26052600000000226,0.5655726157180415,0.41692555413711957,433.2309553122437
55,21.002941,0.46081799999999973,0.5609469505316705,0.6578924972168401,489.4752051100735
56,21.483811,0.2003629999999994,0.5533132191523589,0.6489886644638171,479.95603057558714
57,21.704193,1.5628290000000007,0.5501282712406165,0.6394502685429791,499.89253530899373
58,23.287074,0.34059999999999846,0.5418393015281335,0.6328129544236518,480.0927389610697
59,23.647726,0.20036400000000043,0.5220517810973555,0.6052482519263939,635.2377001053612
60,23.888161,0.2604550000000003,0.4706758982379617,0.5474309074262939,543.0795125410042
61,24.188689,0.19036799999999943,0.4393511889719391,0.5056242944857957,511.0440873142627
62,24.399039,0.030085000000003248,0.4191207338346409,0.4965228656127787,471.77270200311455
63,24.449176,0.5409639999999989,0.40891916693165403,0.4834504719239477,499.3049054163291
64,25.010192,0.17031499999999866,0.4193260234206561,0.4826049804711004,544.7991834080476
65,25.200488,0.3105930000000008,0.4394282840599484,0.48409127492344856,531.9986542780939
66,25.531134,0.08014599999999916,0.4241854758184362,0.49157234132785393,469.4451545555474
67,25.631299,0.25042200000000037,0.4256839591639229,0.5282337728295501,450.85141262160363
68,25.911806,0.6311650000000029,0.4334673568635653,0.5385689080112799,495.7430542125436
69,26.562953,1.102049000000001,0.434454191264485,0.5286843911809841,470.845269699145
70,27.684984,1.2923849999999995,0.4355339148019446,0.5425405169351326,524.2875125117856
71,29.007376,0.2304479999999991,0.4398121029314458,0.567718321350311,474.23220388279157
72,29.287883,0.31059399999999826,0.4684148124275618,0.5671570454088947,534.543993207943
73,29.648536,0.020091000000000747,0.43387845167076244,0.4809717747999534,531.7051793050618
74,29.688608,0.17035600000000173,0.41807699194311454,0.4701560839232094,528.454419620753
75,29.878984,0.2904940000000025,0.4217401646807816,0.4908261961425703,478.97047909282077
76,30.199565,0.20036200000000193,0.4178781612920693,0.5287765344039759,531.1751962122297
77,30.449986,0.02008999999999972,0.38055503902929644,0.6023374693488919,434.58988479813274
78,30.490058,0.25050099999999986,0.39851097849712325,0.5954062585897403,647.5785852499665
79,30.790657,0.38063299999999956,0.4635631353837906,0.5819275331146891,514.3862792082095
80,31.201376,0.04007299999999958,0.47937372029079345,0.5559856562181286,497.30355678641604
81,31.261502,0.15022300000000044,0.4631325431283251,0.5549498038786858,582.6293995839542
82,31.431816,0.030047999999997188,0.449578027852387,0.5577291695544745,582.9850425832664
83,31.481884,0.4708749999999995,0.4391439361261173,0.5621969724159919,509.84875485404183
84,31.972741,0.40072500000000133,0.44566548258713873,0.5558282794953957,595.2962168782391
85,32.393557,0.2704820000000012,0.43968284403905233,0.5472063074996102,488.66722428981234
86,32.684059,0.7012850000000057,0.4302732759198865,0.5566261279291576,492.7861575765429
87,33.405364,0.07014999999999816,0.4292332763175985,0.5397252543704569,585.7864941983966
88,33.495496,0.6311729999999969,0.42685733647948537,0.5289300854746933,471.7458715863967
89,34.146721,0.16029000000000337,0.42891643251866207,0.5192053100319568,482.33386200819035
90,34.327032,0.4007249999999942,0.4248307296271973,0.528717768119392,465.2438842010562
91,34.747809,0.35058599999999984,0.43399811160008656,0.5248247856009891,525.590457093696
92,35.118486,0.7213060000000056,0.4211910656874957,0.5320428612679217,599.0971274180607
93,35.879864,0.07012000000000285,0.38219948252311414,0.5670501851140275,443.8233426261759
94,35.970004,0.270512999999994,0.40480133867105045,0.5577706209358189,478.0025908667003
95,36.270564,0.12021699999999669,0.42890557685900543,0.5391920175526255,645.2412387088835
96,36.44088,0.4207060000000027,0.47327190739836505,0.5047706810308973,536.4213704275716
97,36.881677,0.08014499999999458,0.4966142190474475,0.5124202951824453,526.8060126584373
98,36.991868,0.23037000000000063,0.5079560719534517,0.5240078808847868,859.2936974575115
99,37.272377,0.40072400000000385,0.4163165878192656,0.5452926803838668,479.1277732285581
100,37.693122,0.27051199999999653,0.40544930458383716,0.5530316233029573,449.2540349745888
101,37.983616,0.07015799999999928,0.4134032838698167,0.5472945258858337,444.0086048066265
102,38.073826,0.12021800000000127,0.42250574287352444,0.5355864781411886,547.8214572432163
103,38.214064,0.2705130000000011,0.4141332337659859,0.5437566496903979,499.4746877504566
104,38.504558,0.41079099999999613,0.41861387243174686,0.5356803846678335,475.08357862362607
105,38.935369,1.4926699999999968,0.4179229966866981,0.5254100338138876,502.0752134269132
106,40.448129,0.20036299999999585,0.4312287793352887,0.5276935154420216,537.9288275319576
107,40.668473,0.25050099999999986,0.4404033570256343,0.5210946900400621,503.68990713506463
108,40.938994,0.8315270000000012,0.43038259478509505,0.5217523225798404,506.2271450684528
109,41.790503,1.0418850000000006,0.4344906128535829,0.530475754686039,487.994050837923
110,42.85248,0.14019799999999805,0.4261920560481313,0.5360125354008176,453.6821163780575
111,43.01277,0.10012599999999594,0.4430533904129854,0.5172896074705989,551.3430400352248
112,43.142982,0.44079699999999633,0.46812899081256304,0.4842260189251423,485.2925449874675
113,43.633838,0.3005990000000054,0.46207036075789415,0.5522825221113452,600.1223162009817
114,43.974509,0.49086499999999944,0.42009959679745995,0.5501928649410466,506.52682557400817
115,44.485427,0.18030900000000116,0.4306957862468186,0.5400034364213604,573.9756736427138
116,44.685789,1.672978999999998,0.43181074844192785,0.5284838965401855,494.2070842604257
117,46.378859,0.8615050000000011,0.4375466479899723,0.5192698249795209,538.1976366926134
118,47.260454,1.011807999999995,0.44240199250114365,0.5292315912694989,480.74110895381784
119,48.292314,1.7231179999999995,0.4471743006442556,0.5404716759607708,533.4154282630936
120,50.035451,0.020052999999997212,0.45166778236515887,0.5613027856090416,487.8140348588196
121,50.075524,0.1302039999999991,0.44485673234720474,0.5747104741693475,472.3236635457782
122,50.235814,0.230440999999999,0.44471889973384704,0.5853505512483984,464.4621407658137
123,50.506327,0.3506270000000029,0.4566536533314087,0.5344081937201609,497.76920083935397
124,50.876973,0.10019900000000348,0.46756541132234253,0.5254286851427924,595.3966833686272
125,51.017244,0.27044200000000274,0.4799271112028007,0.5201055670686044,583.0419469594743
126,51.317771,0.32057999999999964,0.44957826115637367,0.5325491244149967,515.7446155971451
127,51.658404,0.43073100000000153,0.45175891073550695,0.5427106004229357,560.8292416583847
128,52.109227,1.4726570000000052,0.4566776696745331,0.5527776624106254,514.0136893989193
129,53.601904,1.3123980000000017,0.4467169646547703,0.5515860218186048,545.1611759404126
130,54.934283,0.33064600000000155,0.4465492481195571,0.541183432884007,475.766305908924
131,55.284949,0.8915819999999997,0.4462492455671833,0.5508961636114692,485.1435508620152
132,56.196621,1.8032639999999986,0.44378836741765865,0.5421955375788472,558.8185588831471
133,58.019865,0.8916619999999966,0.45418738765474603,0.5485699079100829,487.20173427433656
134,58.931546,0.19036799999999943,0.4649661165356853,0.5598784659775747,571.2747815471199
135,59.141895,0.22045500000000118,0.4591798570333764,0.5783583703484527,558.898199765719
136,59.402421,0.24043600000000254,0.44148900243441264,0.5896945848824573,486.9533439194002
137,59.692924,0.2604870000000048,0.44970329736296494,0.5593437928386596,648.5410279650199
138,59.973431,0.33056700000000205,0.45736902609722435,0.5508708067467507,570.2396641556023
139,60.324089,0.2704829999999987,0.4490813440570761,0.556378958123297,531.5107022305341
140,60.614592,0.15029499999999985,0.45953364350279524,0.5528276604211193,551.2677566052031
141,60.784868,0.3005989999999983,0.45079555619779893,0.5587098947680322,485.4912079317346
142,61.105449,0.7413949999999971,0.45937730697119006,0.5549807794940355,556.9048201101159
143,61.866826,0.25050099999999986,0.44950027210354115,0.5530235747093474,550.7310414508956
144,62.137347,0.4308030000000045,0.4492728082844163,0.5422941023881416,496.1321718691543
145,62.588131,0.5009610000000038,0.44115012131230014,0.5324047377320835,540.7273486457416
146,63.109073,0.6512260000000012,0.44493292634230713,0.542439929751234,487.4299885833165
147,63.780319,0.621140000000004,0.4298290027520121,0.5439135162372374,499.9041405563587
148,64.421479,0.20036299999999585,0.4435248486552062,0.5153273935932411,469.5364679586563
149,64.661914,0.34063300000001107,0.4606052973722527,0.49966247872037284,547.1309496748044
150,65.042619,0.4808699999999959,0.4413587370506764,0.54309374213477,508.82787229259395
151,65.543508,0.29049499999999284,0.42415143551848367,0.5462870728804382,454.51527736030295
152,65.854095,0.4307709999999929,0.42187646846990956,0.5365077962299629,484.4245490345931
153,66.304886,0.11022300000000484,0.429205361537525,0.5435756565259068,478.67434772429294
154,66.435091,0.8716090000000065,0.43676693437647446,0.5523729578121956,500.64500206155606
155,67.326751,0.4608180000000033,0.43257329111186593,0.5435988065966135,503.574276624445
156,67.807622,0.32058000000000675,0.44222725400853996,0.54030708360536,565.0838179671111
157,68.148221,0.6211409999999944,0.4475056749697555,0.5499156058956339,453.55227625141896
158,68.789381,5.770439999999994,0.4534011250419793,0.5603251785163904,478.566394083178
159,74.579874,0.24043499999999085,0.46162524145425965,0.549310542911085,504.7689557320604
160,74.840329,0.030078000000003158,0.47223590156103057,0.5346405462364111,494.82300213565054
161,74.890388,0.23044899999999302,0.47651493757393965,0.5175227354524192,506.78292958544324
162,75.140889,0.02002000000000237,0.47717810845977765,0.49692720019681036,481.0943308615395
163,75.180962,0.17031500000000221,0.48869952874723105,0.4830881056917101,540.1564711987522
164,75.371258,0.25050199999999734,0.48176769285127846,0.47963615806976506,625.1064749517689
165,75.661831,0.18030999999999153,0.44736289987248157,0.511079964621361,512.938639707125
166,75.862194,0.08014500000000169,0.4571873544958184,0.5006108024301933,574.9586945104004
167,75.982411,0.24043600000000254,0.49013864448878586,0.49064861930581266,637.6447659185217
168,76.252853,0.03008599999999717,0.4667596136049827,0.505238290718439,501.4555360557693
169,76.302992,0.130242999999993,0.4497019971764742,0.5326153872069311,519.5105777520754
170,76.463281,0.3205810000000042,0.44132119026471345,0.5540654890823871,482.14160639982487
171,76.803882,0.5409949999999952,0.44657326358522764,0.5621883467716439,457.19934175845185
172,77.364896,0.991817999999995,0.4414963218723996,0.5528856719038862,475.94874264072587
173,78.376695,1.5728940000000051,0.44896470457058624,0.5594481735278939,520.0884243412738
174,79.969609,0.25042200000000037,0.4376963215429393,0.5604014376538038,448.5217276202145
175,80.240122,0.5109170000000063,0.44290103972837364,0.5653402426170213,480.92059746111346
176,80.771059,0.06012499999999932,0.4344237292216604,0.5599826582480931,466.43813456147217
177,80.851204,0.811436999999998,0.44460373396159353,0.564522829871933,484.47749119282065
178,81.682731,0.42070699999999306,0.4542007713333074,0.5601388779149332,517.988966937082
179,82.123529,0.18027099999999052,0.46780580140243694,0.551107170768129,483.67251703820995
180,82.363964,0.21035799999999938,0.457464900767833,0.5380268307084329,517.4040255151048
181,82.604399,0.6311350000000004,0.441903691327114,0.5597918132792227,515.2279944640856
182,83.255554,0.08014500000000169,0.4405785828469978,0.5490541643460081,507.842192206767
183,83.355752,0.3806720000000041,0.440347360428299,0.5591274763225418,489.17707733142714
184,83.756477,1.6629930000000002,0.4275137268205114,0.5505838458500812,466.14067959527165
185,85.439521,0.05009800000000553,0.4254242623584807,0.5383730968343816,497.6549344554334
186,85.509601,0.11023099999999886,0.4140465147879779,0.5563598847060826,568.6218598746383
187,85.659904,0.020052000000006842,0.3835738674385378,0.5973917552527124,420.92049607891784
188,85.699976,0.30056099999998764,0.3839780881708374,0.5879213127280593,514.9346018727505
189,86.020556,0.100198000000006,0.3641258356220272,0.5994444566528877,563.4179213189012
190,86.180846,0.130203999999992,0.340765029784488,0.6237841507532339,440.1364088678959
191,86.391196,0.33064600000000155,0.4385377549827137,0.5173990759956828,521.2136496361948
192,86.741861,0.4407980000000009,0.4492977884319448,0.5256124805205605,611.5627268822795
193,87.202711,1.9534860000000123,0.4392241266575043,0.5374114001160493,474.2877972245427
194,89.186283,0.24043600000000254,0.4362885763490199,0.5628751801763892,515.2321287091341
195,89.446771,2.1939220000000006,0.419674169906339,0.5766412692334878,529.0976367318664
196,91.660784,0.270481999999987,0.4003235517286034,0.5943969150931425,524.1815806153783
197,91.961273,0.25050099999999986,0.40536078721902424,0.5899478510548735,519.7292529978982
198,92.24178,0.21042899999999065,0.4233580895620655,0.5556494501064032,500.483201325554
199,92.472229,0.08014500000000169,0.43329843457174166,0.5592686330692208,545.2816626844918
200,92.572427,0.36065200000000175,0.4389470752519464,0.5695375200603849,505.19477688255404
201,92.953099,0.05005900000000452,0.44496965324931353,0.5784398215077593,484.2166614448507
202,93.02325,0.19033600000000206,0.43377943309926603,0.567431126260004,525.500414154716
203,93.233607,0.48086899999999844,0.419203073375476,0.5572965133710085,509.1224215195057
204,93.734529,0.3606529999999992,0.42480739834012066,0.549469675364428,519.9594377368337
205,94.115202,0.7312920000000105,0.4221890690463577,0.538814860488617,510.28362558845674
206,94.866584,0.2203439999999972,0.4303137825903903,0.531776821546788,532.4728780066097
207,95.10702,0.18027099999999052,0.4315125030874171,0.5469944682883963,554.7795794147174
208,95.307382,0.230409999999992,0.43289466204954236,0.5640751678872907,492.2348178039419
209,95.557811,0.6712380000000024,0.43113400907522503,0.5561407553244849,472.5079952283463
210,96.24903,0.28050799999999754,0.43317212283120204,0.5655223069056474,473.23652435215644
211,96.549629,1.1820840000000032,0.43262942862687254,0.5548994831338667,446.98968513005394
212,97.751804,0.24043499999999085,0.43958573549670305,0.5297697711359353,452.86025412964926
213,98.022287,0.1602889999999917,0.44565769651318377,0.5070112194874493,457.44781067317825
214,98.202597,0.020051000000009367,0.43253229611294536,0.507959554871131,480.116757019926
215,98.252656,0.030084999999999695,0.40025468566490224,0.5246385504092332,454.0937270767
216,98.302794,0.23036899999999605,0.4201021672111149,0.5340818684242316,497.3110174172955
217,98.553254,0.1702850000000069,0.43368627124734077,0.5473559293307174,517.1743301798513
218,98.743592,2.083769999999987,0.43131339559474935,0.557980799139923,474.5895287387878
219,100.847381,0.4507849999999962,0.4385238925655865,0.5507626516120815,496.7063934468976
220,101.318256,0.190337999999997,0.43361154714453687,0.5664800246245668,468.9246793870933
221,101.528614,0.22041499999998848,0.4361071258228516,0.559408901354438,519.7591516880219
222,101.769049,0.1803430000000077,0.43785782271535306,0.5504134327722533,575.1670524201038
223,101.969411,0.1803430000000077,0.4357248711611529,0.5644204326074562,497.23715013152326
224,102.169774,1.7331039999999973,0.4251645596516488,0.561611797795632,505.1786425540021
225,103.922969,0.4808710000000076,0.43447882089557827,0.5579118797135498,511.6087106524873
226,104.423821,0.21042799999999318,0.4242580038344039,0.5626850462869722,490.03803377064816
227,104.654269,2.704909999999998,0.4209081320833024,0.5496131543051509,567.1415969220692
228,107.409277,0.3305739999999986,0.42658539208345125,0.5383866301716818,513.5963438774504
229,107.769929,0.2604169999999897,0.4327114776956363,0.5658973702108829,463.97684322540465
230,108.050437,2.2741070000000008,0.44464509643784667,0.5609478335995185,508.7021258892886
231,110.364616,0.1703159999999997,0.4803789155201051,0.5303585146620946,534.4073923081659
232,110.575004,0.32057999999999254,0.5235863224233201,0.5320176391531622,459.38573227662476
233,110.925631,0.15022500000000605,0.5390131765079907,0.558613831577413,449.75249633254174
234,111.186086,0.07015099999999563,0.35558681251972996,0.5863783749718725,432.8111326425535
235,111.276218,0.4808699999999959,0.3636876695905908,0.5808857415094784,543.5974363768297
236,111.807226,1.5928349999999938,0.4358411620680268,0.5717359431453989,520.2149809914164
237,113.420152,0.16029000000000337,0.4253645745556384,0.5719183023824498,537.6211722539844
238,113.600423,0.410790999999989,0.4303996536278383,0.5627332425930145,484.4434900491545
239,114.031234,1.3624650000000003,0.43462552658941356,0.5709710569748587,466.1289699519586
240,115.413751,0.8916210000000007,0.4227528972199456,0.5673169043148512,624.0833640438783
241,116.345445,0.06005299999999636,0.3830405861066248,0.5836554052267543,481.76949437214927
242,116.425589,0.10012600000000305,0.3995792486312442,0.5840402681073602,587.7669586184397
243,116.565789,0.2905720000000116,0.44571473304641873,0.56793462827129,488.7004350841524
244,116.876382,0.310584999999989,0.44428731764585816,0.5546388015387367,536.0924306008851
245,117.206948,0.2905730000000091,0.4327375003744642,0.5568567402048271,545.5456598562106
246,117.517542,0.8215019999999953,0.42755407790464733,0.5674586116372192,484.9776934337889
247,118.359064,2.0937569999999965,0.4361738868529158,0.5729155649455008,490.07656612357516
248,120.472912,1.6329470000000015,0.44482144674743535,0.5601209765932739,506.992533169011
249,122.125879,0.3105860000000007,0.45527493727554763,0.5367815246091975,535.4279500049217
250,122.466512,0.21038700000001143,0.44966840370289535,0.5225358097507846,480.7764049853275
251,122.706946,0.4207449999999966,0.43574827605957356,0.5392304882939162,472.98793580461876
252,123.147744,0.27044200000000274,0.44839578179560574,0.5235342673765017,497.34985018384384
253,123.448272,0.42077700000000107,0.44264011223860195,0.5129714723314317,477.4097380617932
254,123.889069,0.28050700000000006,0.4351335239039259,0.5269654079702529,456.6481904491307
255,124.189629,0.37067799999999806,0.4293813144661866,0.5398136897701022,452.828074688586
256,124.580288,0.11023099999999886,0.4348809807070913,0.5548422031356564,469.3943994903703
257,124.710571,1.1621020000000044,0.4288033175741238,0.5755372802934698,492.9813558119475
258,125.892694,0.050058999999990306,0.4308172798581894,0.5948634661336297,519.3507031397783
259,125.962845,0.24043399999999338,0.427185064044615,0.5831343449230038,482.54223103853417
260,126.223261,0.26052500000000123,0.4232635605765825,0.5699178119203917,477.2073663155337
261,126.503768,0.0902110000000107,0.42979309412547917,0.578494459279622,446.3656087415898
262,126.613999,1.6229529999999954,0.4230165429971768,0.565888199012468,506.62565788880966
263,128.256972,0.14026900000001774,0.43378073188842164,0.5425434609805975,637.6491702335163
264,128.427249,0.20036200000001259,0.4610651834138616,0.5015978442124005,516.1512185212376
265,128.687775,0.561015000000026,0.4461156196665289,0.4820476302498004,606.7639700711522
266,129.318909,0.19029700000001526,0.3871877343509295,0.5162031999848887,584.3300066146993
267,129.549278,0.15030300000000807,0.35072454649810053,0.5359519736269068,431.8619648938201
268,129.719634,0.11015199999999936,0.36726136029430195,0.5307074514939241,505.7743669693535
269,129.859872,0.04007200000000921,0.39735307460157354,0.5328951508326784,493.38156948625874
270,129.919997,0.05009699999999384,0.4026880362889848,0.5462203657132997,487.9248499260767
271,129.990076,0.8215410000000247,0.4075013794691912,0.5569669148119054,563.8022487287348
272,130.831598,0.771443999999974,0.41395096751626936,0.5660826697523885,568.9000760332833
273,131.623061,0.13020499999998947,0.4173720440093456,0.5540619802526143,522.6121697927964
274,131.783351,0.10019799999997758,0.4241429155559754,0.5315336274688031,518.9144662540679
275,131.903569,0.04007200000000921,0.43347906061026825,0.5623755930534842,535.587759388226
276,131.973719,0.7213059999999984,0.4334617714639674,0.5793195276222167,489.43059164992565
277,132.715006,0.9918250000000057,0.4383120065938519,0.5882115615300503,434.53627331490617
278,133.726883,0.6010880000000043,0.43018718382695287,0.5832964018637921,489.130965637301
279,134.347991,0.29049499999999284,0.43581617954936497,0.5731848054777883,439.4429639208847
280,134.658577,0.05006699999998432,0.4357262012483146,0.5766720115916647,444.15049115432316
281,134.728696,0.05009899999998879,0.4383434491287402,0.5858170110084505,490.89617716686485
282,134.798776,0.29057299999999486,0.44491592758111237,0.5770507473647248,603.4347289425582
283,135.109369,0.2103490000000079,0.4440591901135097,0.5907888524543699,454.96214982614566
284,135.339809,0.5409239999999897,0.4346840188219472,0.5750502753250766,474.7979739061838
285,135.930871,0.03000800000000936,0.4333076476500871,0.574912858780204,471.4576977326059
286,136.011016,0.230370999999991,0.4385044101137581,0.5638401746832608,513.1454297603942
287,136.271471,0.05006000000000199,0.44650146768518323,0.5139203880526522,317.92712536824666
288,136.531959,0.4307330000000036,0.4353516656543926,0.5771189387646328,510.55393639433714
289,136.982783,0.5710089999999752,0.4394750874793171,0.566624511495393,530.9469839449587
290,137.573844,0.1302429999999788,0.43320694065889886,0.5728855608873259,480.0129479630604
291,137.724069,0.35066500000002065,0.43153016766330765,0.5909431073380201,435.3297649578021
292,138.134859,0.5610140000000001,0.4316180261238212,0.5982160483375849,461.0966591183281
293,138.715894,2.0536850000000015,0.4351740241996815,0.5889152362585987,488.73411582294347
294,140.78967,0.5610140000000001,0.4401636227308742,0.5679901683581312,546.8845713329299
295,141.400751,0.2604869999999835,0.4425456652863003,0.5920810412589403,450.94096079045494
296,141.681259,0.030079000000000633,0.4480284401751669,0.5806687978453003,482.19798694988265
297,141.731319,0.671244999999999,0.4398077655405268,0.583954498990821,474.212395116842
298,142.422616,0.4007249999999942,0.4395290780895152,0.5946966594626393,469.9621261203335
299,142.843361,1.4525970000000257,0.4387061203536825,0.5857785653031847,484.8904554442934
300,144.31605,0.370646000000022,0.43228723184782536,0.5941952557271906,461.94134937338475
301,144.706749,1.542775000000006,0.4393895665628561,0.6017778907979758,410.43057283217286
302,146.269577,0.9617399999999918,0.4407720736988128,0.5921778682085392,529.940244453818
303,147.251337,0.6511459999999829,0.4489525777003445,0.6002400190996601,507.75060620570065
304,147.922575,0.060054000000008045,0.443826348063069,0.5763292056529452,439.31663052674355
305,148.012714,0.13020600000001537,0.4494164240533706,0.5311391724541646,307.839451550701
306,148.193056,0.11015399999999431,0.44780714069603705,0.5357790216615034,289.42029816200085
307,148.333294,1.5127610000000118,0.43790086846972454,0.6067808307054801,433.4204608532707
308,149.866036,0.3205799999999783,0.4363564880557553,0.5963343469038913,467.4946152367993
309,150.236754,0.02002000000001658,0.4455706463990346,0.520894301815083,433.58954585277525
310,150.336919,0.5109480000000133,0.44298937821222867,0.5994658801786594,472.5843885849383
311,150.867848,0.30059899999997697,0.4540591595513999,0.6038292688251263,340.37689055058036
312,151.188428,0.08014400000001842,0.4429682607460331,0.5957560406551284,484.3521368193789
313,151.288665,1.2923140000000046,0.4448711908355577,0.5856479549631918,506.9803488860497
314,152.631038,0.3005990000000054,0.4792337300188852,0.5709111564715396,496.2576987361907
315,152.961684,0.2103890000000206,0.5071350698472312,0.5508657685047609,628.6665088686211
316,153.232126,0.11023000000000138,0.5373246414489905,0.5496343586467806,514.2413315311311
317,153.362409,0.19029699999998684,0.5323461923255103,0.5392301469724697,533.282786557808
318,153.622864,0.030078000000003158,0.42211124829317337,0.5861578092165488,436.78253027777487
319,153.672923,0.020092000000005328,0.4233262839119579,0.6000565637499522,468.1105308180041
320,153.712996,0.1302829999999915,0.4241809736335501,0.6125259325062983,481.46222629459083
321,153.863298,0.37064000000000874,0.4356597992512691,0.6064528661507943,538.4271374191849
322,154.254031,0.7713710000000162,0.45059477866021846,0.6029363124714545,529.9082025427281
323,155.045454,1.0118389999999806,0.4455314285323071,0.5930690075859987,488.4826902512872
324,156.077274,0.10023600000002375,0.4451224006103554,0.6021264092778834,487.86306557129797
325,156.197492,0.15030199999998217,0.4458787585642181,0.5911937951587702,526.4652903095937
326,156.367846,0.43073400000000106,0.44894229687291365,0.6030781333138258,501.7424359691352
327,156.818671,0.7312980000000096,0.4465988207059886,0.5922946776072108,492.5205470238986
328,157.570021,0.4107520000000022,0.4524189050056322,0.5995230914738345,455.42360480738427
329,158.000755,0.6010870000000068,0.44252757495588285,0.602443262046524,425.5872437604576
330,158.621933,0.27048099999998954,0.44483123142609315,0.5884313207448537,470.5244101887632
331,158.912434,0.05006000000000199,0.44551604305971587,0.5719067453866391,483.4458312977266
332,158.982585,0.20036400000000754,0.43147538872756636,0.5793036943816604,497.77433413613363
333,159.202929,0.12021699999999669,0.4262010084357654,0.5964577944602975,515.4056894366345
334,159.38331,0.36065300000001344,0.4533474865836755,0.5409138701117941,526.7713426447891
335,159.794029,0.33056799999999953,0.4236060099654752,0.5891181960729176,527.6413910730001
336,160.144687,0.12021799999999416,0.4275290695914424,0.6012057768690087,489.1646197391271
337,160.284887,0.06016299999998864,0.4336772517814907,0.5911687104152232,546.2272295823429
338,160.375096,0.46081799999998907,0.4446008190713487,0.5928454887871095,478.66786366500577
339,160.855966,0.8014500000000169,0.44742682762010766,0.5838845648882169,462.4962755854053
340,161.677436,0.5810679999999877,0.44801743170265385,0.5943358265086336,447.6531841179483
341,162.278524,2.2440599999999904,0.43633002809374655,0.5937803424888204,479.3807644088095
342,164.542636,0.14023800000001074,0.41184566066215983,0.6037277135328531,528.9444758311207
343,164.712953,0.4107180000000028,0.408615836292033,0.6093109790262856,409.05808685346983
344,165.163744,0.39073099999998817,0.4542931001451625,0.5840076087643958,533.2039739385756
345,165.574457,0.14030800000000454,0.44582075063695975,0.5906513372099732,725.25883942398
346,165.774819,0.030084999999985484,0.3557455868947788,0.6356478492808164,341.48578546503546
347,165.824956,0.04007200000000921,0.3389968944836385,0.6384533331536381,341.9541890233756
348,165.895037,0.37071699999998486,0.3483205947463518,0.633319098471797,483.371080984834
349,166.285774,0.05006099999999947,0.3732361137887651,0.6133046644810664,522.7398949747973
350,166.365919,0.05006099999999947,0.39342392681251737,0.6036015390505798,576.4834322270385
351,166.43607,0.140199999999993,0.41321628422931006,0.5934835203739504,545.0649009133595
352,166.606354,0.33056799999999953,0.4477020356614104,0.5894581788531561,537.3114381561721
353,166.957013,0.23040800000001127,0.43989854490579827,0.6022771408768832,453.9325199940051
354,167.207441,0.4808700000000101,0.4406436194837778,0.6143655818420295,505.6894523019959
355,167.708364,0.6611800000000017,0.4458639503164697,0.6063748481476587,543.540410325566
356,168.389596,0.18030999999999153,0.4438128632323555,0.5949662370598492,488.7274602769556
357,168.589959,2.0937959999999975,0.43832865171015367,0.6033591981694022,398.1409659752474
358,170.703737,0.07015599999999722,0.44571084889411955,0.5958603773890698,506.7751629129737
359,170.823955,0.06016299999998864,0.4779598875608748,0.5265074548085106,457.2756274969737
360,170.9041,0.17035400000000323,0.4855345988621351,0.5090982160343192,491.129181944363
361,171.094474,0.05006000000000199,0.49379932801544524,0.4933573761949176,475.15707800159885
362,171.164626,0.13021100000000274,0.47533474538344317,0.48872341031926725,619.1872821877942
363,171.344898,0.030082999999990534,0.4146990079464964,0.528698264294699,419.815759468453
364,171.425042,0.020091000000007853,0.3875042804069381,0.5775073433693976,416.5610583201832
365,171.465114,0.05013700000000654,0.38450392740891876,0.5902090843158239,435.388502963928
366,171.535271,0.190369000000004,0.3972270023144795,0.5934625700087071,595.5280441067741
367,171.745622,0.0801450000000159,0.4027730570688484,0.6093187902797638,467.07544498598264
368,171.845858,0.10012600000001726,0.4156905415872493,0.6052466684034024,419.00034255266104
369,171.986057,0.2705190000000073,0.4612142571641728,0.5800928260640259,492.0897729341728
370,172.276629,0.25046199999999885,0.4558268934109472,0.5845306429929612,461.08868570151583
371,172.547071,0.3707170000000133,0.45158951626515637,0.5949763983168603,494.7477206596875
372,172.937809,0.17027800000002458,0.44326995075427505,0.6085489064155661,428.3308184599525
373,173.128178,2.06367800000001,0.4396793761384348,0.5983663011938293,508.88075644166656
374,175.211948,0.9015760000000057,0.44169026056497723,0.6076315200537589,423.0472500244749
375,176.133615,0.5409240000000182,0.4223714147233334,0.6257166885401345,433.3341285859479
376,176.694631,0.1502630000000238,0.4109841970961881,0.6426506911863398,439.3702979824833
377,176.864914,0.22041400000000522,0.39594763776332853,0.6155141448680208,482.810351990734
378,177.115337,0.23044699999999807,0.37658280856180376,0.5943555819239225,486.3510495033468
379,177.365836,0.07008099999998763,0.37744412348777223,0.605229624456979,567.7922825234474
380,177.456008,0.0701180000000079,0.38965378030995185,0.5946107410901378,570.6159497636445
381,177.546146,0.07015200000000732,0.4016096503050177,0.597450573292491,490.05130419555286
382,177.636279,0.030084999999985484,0.4074637380729659,0.6077379869200439,510.4087858574647
383,177.686416,0.14023799999998232,0.426293313757493,0.6021040553596069,483.7826425147759
384,177.936877,0.09013899999999353,0.46492396215479453,0.573109301640005,402.61729225578927
385,178.147233,0.04007400000000416,0.44370743817633596,0.5746626989753632,596.687004057783
386,178.207358,0.29053500000000554,0.43851663359235465,0.5874624079472859,466.8212691744857
387,178.517874,0.5410329999999988,0.4448171767221242,0.5956328351710115,490.2641701605084
388,179.07889,0.28050700000000006,0.4348952190777343,0.6002317020017426,455.2841697333932
389,179.379488,1.0418849999999793,0.4413289683640002,0.6131483682563528,500.1222349573748
390,180.441354,0.2605269999999962,0.4400673318762325,0.6063311495618259,598.3429083099571
391,180.721862,0.7914610000000266,0.43263010888805714,0.6003454493841833,484.1474241668699
392,181.533376,0.450823999999983,0.43264468212896584,0.6096892526548583,482.8182294858631
393,182.004182,0.6010880000000043,0.4262121404840451,0.5999736005262045,459.36905972376934
394,182.645342,0.20036200000001259,0.38983450146160137,0.5503890543127096,473.6422245266821
395,182.865796,0.04007300000000669,0.38229348651204853,0.5359817301843657,512.2975427648481
396,182.92585,0.43080900000001066,0.39410728101977993,0.5372643528834666,612.1434643788095
397,183.40672,0.6010870000000068,0.44396920827231534,0.5632438040617811,472.0080024808936
398,184.04788,0.3406710000000146,0.43686729317056155,0.6054124194185307,465.6570336730471
399,184.408532,0.19037499999998886,0.42947917464771124,0.5982525332238989,492.0126630807854
400,184.618959,0.4708050000000128,0.43978828397880926,0.5951795297335508,437.4864756962545
401,185.109855,0.3305729999999869,0.43335631708618977,0.5843900148623844,488.82389447271896
402,185.460481,0.6511870000000215,0.4252998224328798,0.57676881012632,478.1855834985781
403,186.13165,0.3807429999999954,0.43498982740373,0.6044821314423612,475.3234592841872
404,186.542439,0.22038299999999822,0.43671816742642683,0.626474119013608,500.2852304431266
405,186.782874,0.07008000000001857,0.43565946492460766,0.6136299545049768,494.6842869369483
406,186.873045,0.20036300000001006,0.4440265723627614,0.6071594066563027,401.1361060230316
407,187.09339,0.10023599999999533,0.4386358470915532,0.6183365167595257,497.477733013656
408,187.213607,0.35066399999999476,0.44475244009235876,0.6094579583186761,490.55691476453194
409,187.584323,1.1921119999999803,0.43460965677136565,0.6075800786612858,473.661931436867
410,188.796525,0.12021799999999416,0.45067912110512637,0.6130093086432961,414.3083756985891
411,188.966809,0.3205799999999783,0.4807212135425607,0.6032034120044675,1040.4076361054197
412,189.33745,0.03008400000001643,0.3871659481099944,0.6680922563790617,427.472507039028
413,189.387586,0.33060700000001475,0.38008646704954135,0.6595109764175624,482.36609780656056
414,189.778248,0.2003610000000151,0.3821920601126898,0.5775312843859153,616.3819105816326
415,190.008694,0.25042300000001205,0.4229612633597952,0.5651182643379701,464.35827187237015
416,190.299189,0.2605259999999987,0.4859320397876707,0.5464621640603052,508.15871264107034
417,190.579697,0.3306450000000041,0.4775202535191871,0.5471569548328746,538.6967859196327
418,190.94035,0.35066399999999476,0.4572629404337292,0.551291814632671,503.7511551514015
419,191.311066,0.7513139999999794,0.4430820046147897,0.5568986677934256,506.753242670468
420,192.082471,0.3004889999999989,0.4520409396734173,0.5621301768365249,529.8741531499744
421,192.40305,0.170283999999981,0.4480178545302232,0.5889917725796098,454.4419790371901
422,192.603412,1.0418860000000052,0.4435131492785678,0.6195627435142963,432.78087608367514
423,193.665279,0.3406710000000146,0.4360497863310025,0.6079013671288159,463.8188386868697
424,194.025932,0.7413959999999804,0.44238019615030305,0.6173132501897686,481.5161687379051
425,194.78731,0.0801450000000159,0.4287632926210782,0.6153682320641621,458.4991723912351
426,194.887546,0.3305730000000153,0.4397188176088408,0.6050917923083496,514.0483083030299
427,195.238171,0.3505890000000136,0.4364230862687276,0.6077451292284693,412.64057948928604
428,195.608851,0.14019900000002394,0.4461449732209138,0.6015835048393222,578.1880943796818
429,195.769141,0.31055299999999875,0.4410397432994503,0.611684904844346,458.7036304368704
430,196.099714,0.32058000000000675,0.443593234296606,0.6010149999233122,491.09238083844053
431,196.440346,1.4025379999999927,0.4387165709346363,0.5919343482975404,502.4120121834218
432,197.862904,0.741357000000022,0.44183032110184806,0.6011000501152308,505.7570400877131
433,198.624281,0.5209430000000168,0.4457532852332535,0.6127940369027366,486.51380641188376
434,199.165276,1.8834080000000029,0.4355362734541729,0.6133133745948205,480.34489032868254
435,201.068704,0.28050799999999754,0.42271039854046405,0.6036022105011127,492.9804552075433
436,201.369264,0.23037100000001942,0.41439074246200897,0.5900008448212771,501.5649823800507
437,201.619726,0.030044999999972788,0.4075654697773236,0.575005501448492,519.0591952977409
438,201.669791,0.16029000000000337,0.39419194522480966,0.5724438002943881,510.67297588393444
439,201.860161,0.16029000000000337,0.3583959449513653,0.5651064186385137,549.7229200458694
440,202.090568,0.2203839999999957,0.3133508717190424,0.6071591453044837,452.7040286239059
441,202.361012,0.020091000000007853,0.361782177228213,0.5791344475921646,501.8188371425875
442,202.401085,0.18038100000001123,0.3806375672387846,0.5682746983967049,526.7285680933173
443,202.601448,0.2705179999999814,0.40370283841925514,0.5585810708181355,590.4696767729073
444,202.892019,0.28050799999999754,0.3981708510953933,0.5505599286240895,547.1881672261254
445,203.212598,0.02001999999998816,0.3518635778227651,0.5788597198586812,484.73844458648574
446,203.252672,0.36065200000001596,0.3599382394190255,0.5843090865399664,475.38350502474464
447,203.633344,0.190369000000004,0.3875000472919851,0.5757498581552815,513.9496125112084
448,203.853758,0.29053500000000554,0.4249324152879807,0.5576758143191813,962.7511322601869
449,204.184366,0.4808699999999817,0.45056611602355723,0.5729407224607878,450.32647627773696
450,204.685217,0.32058000000000675,0.4394809545869263,0.5824045277674301,530.4934649214207
451,205.035881,0.020053000000018528,0.4520663272318508,0.614223735661172,547.030961377101
452,205.075954,0.06012499999999932,0.4489366382029521,0.6252555944548644,471.39259671780866
453,205.156099,0.3105860000000007,0.4511211188701984,0.6157093128765172,501.7118851888523
454,205.486668,1.9034979999999848,0.4455353365904718,0.6260051245617629,469.9609319077834
455,207.410147,0.10023599999999533,0.4505213433399521,0.6367397276817869,466.755823862852
456,207.530365,0.22045300000002044,0.447186579756566,0.6470517626642251,450.5177948715994
457,207.7708,0.2304460000000006,0.45172903204963677,0.6367673203950769,491.5224683574562
458,208.021299,2.5545759999999973,0.4448681385885934,0.6270437083382261,477.3173981309117
459,210.595966,0.4507899999999836,0.4495173331246631,0.6353450891035377,473.4751639668205
460,211.066809,0.28050700000000006,0.4575500249915886,0.6221125980167093,544.0626118661264
461,211.367336,0.5409950000000094,0.45028872882968113,0.6202287653104973,466.31011569501607
462,211.928351,3.506360000000001,0.4529770032865866,0.63667527727006,461.12487437381094
463,215.454731,0.46084999999999354,0.4471031639779535,0.6324330777449264,459.12332467698633
464,215.935601,0.3005600000000186,0.4586278444535497,0.6355756405594107,494.350098216963
465,216.256181,0.27051499999998896,0.45512251425766315,0.6489078455985091,427.2276112522567
466,216.546677,0.7113160000000107,0.45803259322134476,0.6411526980052313,482.66591571700917
467,217.278046,0.510879000000017,0.4488494027714804,0.6486463699050363,493.2603501017995
468,217.828998,0.28050700000000006,0.43661990387800154,0.6703137520421074,501.8049933605757
469,218.129596,0.3806340000000148,0.4493956135643708,0.6627352011975673,461.9879871507398
470,218.540314,0.3706410000000062,0.45331363564733423,0.6409015846908777,440.8454635673821
471,218.931046,0.5710069999999803,0.44332500257837315,0.6371316397311986,448.27088989759557
472,219.522106,0.23037199999998847,0.4559648455791633,0.6324513421642878,449.0243027172623
473,219.772568,0.27048099999998954,0.4468807699535698,0.632720689719916,428.5942266270069
474,220.063069,0.2705139999999915,0.4450381444632113,0.6191726721050904,517.3820818336791
475,220.353565,0.14030800000000454,0.44656654303778404,0.6070203630422465,582.8920546864582
476,220.513856,0.12021799999999416,0.44698225046186485,0.6190827178389979,492.7900304660822
477,220.654164,0.25042700000000195,0.44525729801230296,0.6092626300777547,484.3974845113351
478,220.924643,0.510879999999986,0.4476891509432174,0.6184765940064024,474.4790733567604
479,221.455614,0.32058000000000675,0.44388866951220873,0.606771590486861,567.6898320405958
480,221.796176,0.13027999999999906,0.44855359392550215,0.6171519374650276,479.9676325101248
481,221.946476,4.037329999999997,0.4583087710931632,0.6239933339911502,366.39048004528775
482,226.003788,0.5811060000000055,0.4510507920245549,0.6191811345927116,500.9625315374758
483,226.604876,3.225890000000021,0.46049446252830667,0.6228065878621406,342.4976682772991
484,229.850749,0.18037999999998533,0.45154727562311414,0.6137115278332791,442.60496617380534
485,230.051111,1.112041000000005,0.4567863005085107,0.6226700820037705,363.3299177269146
486,231.183203,0.10016600000000153,0.44961934251469593,0.6175401595404798,452.15941123059
487,231.303422,0.13024399999997627,0.46106489293022895,0.6231810668721822,312.1913125555307
488,231.453649,0.08014399999999,0.45051146778202006,0.6189017796505297,427.4676185109198
489,231.553884,4.137459999999976,0.45149870742494175,0.628698939421261,485.93280441078275
490,235.711396,0.18030999999999153,0.47312393074282155,0.6422641263638399,456.09450705592906
491,235.921786,0.2304070000000138,0.4830057974564957,0.654242028973969,471.1688337440818
492,236.182204,0.06016199999999117,0.46662298137126645,0.6217569321326993,419.485107599418
493,236.442729,0.34056199999997716,0.46968565718545613,0.6209315693222217,444.2768048084821
494,236.803381,0.14020099999999047,0.4736485279502902,0.6082220752977603,487.8942606719196
495,236.963671,1.2422479999999894,0.4686571671539209,0.6189782472316558,442.9143844356473
496,238.225901,0.28050700000000006,0.45890275493625005,0.6230459619261385,429.3943866900943
497,238.526499,0.1802720000000022,0.46709273676105384,0.6175442985350931,467.71918898194446
498,238.726861,0.9216679999999826,0.46210015866040416,0.6264367826044668,410.4760313483578
499,239.66851,0.16029100000000085,0.44176093327101573,0.6146723448835753,483.7031603361357
500,239.858884,0.20036200000001259,0.43891340008760743,0.6195307675384886,415.0171284905063
501,240.089325,0.3205810000000042,0.44894652573358057,0.6312530098677341,425.96960852294757
502,240.429889,0.22045199999999454,0.4514128511645477,0.6253462229441915,461.1064403164771
503,240.670324,2.344294000000019,0.459578656050131,0.6333252333807168,486.8583004197324
504,243.044664,0.31051699999997595,0.4575393236470541,0.6401137282960843,482.8803716808301
505,243.375271,0.20036300000001006,0.43402330407421574,0.6303309472039157,523.0554087566127
506,243.615706,0.36065200000001596,0.37080079298273905,0.6228455456956834,434.8247873853166
507,243.996341,0.05013500000001159,0.3867609498110422,0.6194212341818637,546.0959509256439
508,244.096576,0.43076999999999543,0.46668051320058795,0.6168098637283644,483.72435832270736
509,244.547367,0.7213040000000035,0.4589646577367601,0.6219505031039714,477.95589531900714
510,245.288723,0.13024599999999964,0.46991018535566526,0.6164554994643313,503.7502110029603
511,245.438951,0.44079700000000344,0.47013957687582025,0.6181016759307,491.51337551421904
512,245.899838,0.721305000000001,0.48444876926417396,0.6212886996557707,468.7351374058324
513,246.641126,0.3306419999999832,0.4766055312647513,0.6145697530188655,466.216421036602
514,246.991789,0.11022399999998811,0.49858381493597964,0.637010735863638,456.65811902454715
515,247.142086,0.20036299999998164,0.49742166692223216,0.6634439255744276,487.64514628350236
516,247.372494,0.3806720000000041,0.47969275347501367,0.6495586405891329,468.5635876075627
517,247.793239,0.2304420000000107,0.4485211768022773,0.644736528178374,509.67141331735
518,248.043664,0.020089999999981956,0.44340186208585114,0.6322511529955934,636.4518216499205
519,248.083736,0.07015600000002564,0.4460761529806663,0.6363007183790022,579.8195515140266
520,248.173944,0.5710430000000031,0.45172282964290034,0.6479648762242968,437.1131155984605
521,248.764969,0.4208150000000046,0.44574427508498127,0.634342971868752,495.6447266749332
522,249.205766,0.9317299999999875,0.45506001464726314,0.6384125466672608,497.9175061288575
523,250.157516,0.39073300000001154,0.4667264039966143,0.6334051588992547,481.168991894335
524,250.568232,0.25049699999999575,0.4576229988926027,0.611613760968661,484.3408203205061
525,250.838749,0.2103529999999978,0.45923006120122806,0.5935969893327834,542.2220413383253
526,251.079184,0.3706420000000037,0.46848414189567944,0.6019997403620182,448.743120603014
527,251.469916,0.17028299999998353,0.4776843378923801,0.619368546544494,457.0491505847138
528,251.660251,0.21039000000001806,0.49774183965031255,0.6292577304080388,459.51435900530504
529,251.900686,0.19029999999997926,0.5151089466639276,0.6123562049183642,508.65323137536467
530,252.131059,0.06016200000001959,0.5173862827622208,0.5473559364662228,440.8920362663011
531,252.211205,0.27051599999998643,0.5070351729970812,0.5399061321674596,518.4254733642948
532,252.501774,0.260454999999979,0.4874828331452436,0.5423665513721538,500.31103162478723
533,252.802301,0.06012499999999932,0.4551391328044611,0.5718135057067736,425.8571763933516
534,252.882446,0.2604870000000119,0.4642659759741467,0.5773658481251629,483.46856575835795
535,253.162954,0.04007199999998079,0.4583780222084764,0.5881588147842642,461.3262057063899
536,253.223078,0.030011000000001786,0.45643000796194017,0.5986751761040771,503.03876378831285
537,253.273179,0.2203450000000089,0.449157909084981,0.6096436234574869,494.0289318949825
538,253.513614,0.5409250000000156,0.44844489448357994,0.623433297249615,473.31265524504784
539,254.074628,0.5710080000000062,0.45369902764477177,0.6341395736423417,480.99179490310456
540,254.665689,2.5345950000000244,0.44888116804272743,0.6255549623899154,494.8642870616852
541,257.220266,2.7850930000000176,0.45608193552521675,0.6332574401583932,464.3846180589056
542,260.025342,0.801448999999991,0.4467044242560876,0.6325277443903508,495.44697400255546
543,260.846881,0.3305730000000153,0.44811334167758216,0.642702688780036,391.3144772971744
544,261.367823,0.04007300000000669,0.4435970901993837,0.624043934235471,449.4765511340476
545,261.427879,0.05013399999995727,0.4437182234229359,0.6126253676341304,573.1551213480514
546,261.498033,0.19037099999997054,0.45244982559663177,0.6214849528718035,512.4624429948136
547,261.708387,0.2304449999999747,0.4431590302517655,0.6269310188899535,494.1149137568477
548,261.958884,0.3306079999999838,0.4472757911202228,0.6221709889635666,515.249988509389
549,262.309474,0.2204529999999636,0.4373861896278654,0.627916084201088,468.49601748265536
550,262.549909,0.3105899999999906,0.4425321270017197,0.6379590539994948,444.0720785032435
551,262.880551,0.4708079999999768,0.4533440117158195,0.6347540847717124,535.772229474827
552,263.37145,3.706653000000017,0.44035744588311004,0.638922901281272,508.8915666838318
553,267.098192,0.05006500000001779,0.43724631412465553,0.6516644127613765,495.8605768187126
554,267.168308,0.02001999999998816,0.45295281553720723,0.643927853286124,482.066591205153
555,267.258482,0.04007200000000921,0.44731581876443466,0.6663201734987552,487.0689305440792
556,267.328599,0.24043399999999338,0.44940606659553434,0.6913782675527165,542.555887152216
557,267.609106,0.260454999999979,0.4377370864714153,0.7231476287883614,503.2719854912851
558,267.889613,0.24043499999999085,0.44406678646347897,0.7342735602833885,478.5738917315467
559,268.150068,0.04007300000000669,0.4436059478409799,0.7492261094088275,466.9687628298593
560,268.210193,0.17031900000000633,0.44828882336105075,0.7792612719862949,470.0763793909858
561,268.400495,0.21042300000004843,0.45272340463212857,0.7972810056883729,452.2502172343033
562,268.630938,0.060124999999970896,0.4500550847869672,0.7798917886673795,456.95735611053857
563,268.741164,0.17028199999998606,0.4359119648120983,0.6953113052413837,455.8596735137657
564,268.971571,0.1602900000000318,0.4360072167248594,0.6534674216663019,525.0091692874911
565,269.151881,0.7713679999999954,0.4483361324895435,0.6443376118435858,484.1855618990015
566,269.943339,0.1502619999999979,0.4481022620580132,0.6510371770495744,441.4146543334044
567,270.113622,0.15029699999996637,0.4447100561967581,0.6403903125996029,542.2219535917698
568,270.283902,0.11022700000000896,0.450546603347467,0.631951265223679,583.5486853680657
569,270.414181,0.27044599999999264,0.45554074412143186,0.6219510736486913,569.0184114508188
570,270.734761,0.5509529999999927,0.4490845870808595,0.6385461571633538,469.8982226581508
571,271.305804,1.6529649999999947,0.46530017017583963,0.6281909930794599,520.207092913381
572,272.978821,0.4508260000000064,0.4621636466574563,0.6167018310038652,477.92688475534794
573,273.44963,0.20036199999998416,0.47317582000070985,0.6074040809885406,506.9550137501804
574,273.670082,0.2304070000000138,0.46383429472313276,0.6088750826809997,493.6937404517137
575,273.920508,0.4007260000000201,0.4507944989435393,0.6185007591302467,534.2632943469665
576,274.341286,0.440796999999975,0.4577143501133721,0.6131880269879078,552.6036489316373
577,274.802104,0.22041400000000522,0.448371039908843,0.6170458096863952,544.5305336071018
578,275.042539,0.380704000000037,0.46320484274803897,0.6211735131534831,563.2676759736046
579,275.443264,0.41071499999998196,0.46414416103462214,0.6134956510593595,506.2460003426483
580,275.874069,0.5209419999999909,0.4536716986866099,0.6117999678413327,482.8157744239163
581,276.414994,0.15030000000001564,0.44493184862136936,0.603108884881469,665.3116807375234
582,276.615356,0.07015499999999975,0.4601115271361824,0.6195819583415832,649.3658159012713
583,276.705563,0.050101000000040585,0.4545742129346823,0.636961257702738,557.4624218942672
584,276.775647,0.5710770000000025,0.45148740264787945,0.6310270289457579,509.67387859013184
585,277.366744,1.8032630000000154,0.46463776190860634,0.6339256237606932,467.30711806294096
586,279.200087,0.36065200000001596,0.46657572459747954,0.6196281302236716,505.7595406503121
587,279.580722,0.28050700000000006,0.4503248142844591,0.6164964283559429,442.31479805109853
588,279.881319,0.510913999999957,0.44854896789549736,0.6242130461157139,512.7787739745424
589,280.412254,0.32058000000000675,0.43837560971434225,0.6243658845933227,495.8219506880333
590,280.752886,0.1502280000000269,0.45057428724616144,0.6228134825232741,524.597149047017
591,280.923204,0.46077999999999975,0.4558424135376972,0.6119511675357692,576.166244491569
592,281.404074,0.37064500000002454,0.4622430994055262,0.5991349866738713,526.914223940293
593,281.794771,0.19030099999997674,0.4510014572439271,0.5998105957288377,497.42797673463144
594,282.005161,0.2704800000000205,0.46039874971881883,0.6005047932624585,560.5331224512715
595,282.295661,0.2103529999999978,0.4471355859608817,0.6075636445238521,451.91245660696984
596,282.546087,0.05013400000001411,0.459338229929921,0.5819208449109672,493.1986078047376
597,282.646321,0.20036299999998164,0.4495684182288323,0.6200573833753429,505.0511101391107
598,282.876729,0.3405999999999949,0.4530324750037005,0.638598264888873,522.0435709647098
599,283.237381,2.25408699999997,0.4569922075972262,0.6474421478394278,532.3237774517024
600,285.511452,1.3024089999999546,0.4661131220871978,0.6532126255223185,311.98735601272256
601,286.833845,0.050133000000016636,0.45991166446022025,0.6460947080517471,391.5457759295051
602,286.903999,0.020052000000021053,0.4527947908201665,0.6383244800515986,491.318972721358
603,286.944071,3.6265769999999975,0.4570589260778564,0.6279733895831888,538.7062754999341
604,290.590669,2.7950820000000363,0.4578476066939999,0.6414431804599166,458.98632563791375
605,293.405734,2.945381999999995,0.45166985395257164,0.6295127595865453,503.04793759922984
606,296.3711,1.3524739999999724,0.4558842317649416,0.6182100832540647,478.99494282142626
607,297.743626,0.18031000000001995,0.46925564437445916,0.6142199213289034,488.0010563411702
608,297.943989,0.3806730000000016,0.4599530185456119,0.6216711570392666,449.53950766242605
609,298.344714,0.3005269999999882,0.4455469088677046,0.6242574553452649,418.49219376330643
610,298.665293,0.6411599999999567,0.43551873285389,0.6201620309860847,464.852503755317
611,299.326474,1.783241999999973,0.4409845889403317,0.640074526399698,512.5293029658974
612,301.129736,0.3406330000000253,0.449785970958145,0.6567663476007642,447.8506524648821
613,301.510441,0.16028999999997495,0.45094222743899764,0.6511173000327012,467.70904544626416
614,301.710804,0.030011000000001786,0.4452990740227764,0.6487215818001766,437.244441507131
615,301.760904,0.1302090000000362,0.44725677881223697,0.6370895815688694,498.50208998174827
616,301.911166,0.13024599999999964,0.4505114935491434,0.6491096108777306,418.9368196500614
617,302.061395,1.6229890000000182,0.4559049057620178,0.6346338952495532,478.23512960789657
618,303.724457,0.04007300000000669,0.46420028031824845,0.5815963312430489,444.9987036547691
619,303.784513,0.17035099999998238,0.4686089785660232,0.5915673212233524,453.17523117597614
620,303.984875,0.07015400000000227,0.47534946959822194,0.6236557897438435,435.805961770903
621,304.075081,0.34059899999999743,0.4806763109173921,0.614841493493517,441.64306679250046
622,304.435734,0.10016499999994721,0.4698435402678396,0.6130907906043801,489.2203165696338
623,304.555951,1.46262999999999,0.4657759575530004,0.6028726239640552,466.400201312003
624,306.038634,0.5409629999999765,0.46510460125443376,0.6145292332704297,493.78200395281186
625,306.599649,0.19030099999997674,0.455757458186277,0.6275623225302454,478.19328545154144
626,306.810039,0.4908629999999903,0.4516291019676632,0.6396778258394192,503.65378272314837
627,307.320953,0.7714060000000131,0.4525250516546875,0.6593247433104908,440.7455155860239
628,308.112343,0.06016199999999117,0.46132513129344616,0.6543431737491199,307.29430551743945
629,308.192488,0.08014599999995653,0.45220265992918435,0.6453159280770786,456.46338350529345
630,308.292722,0.4507889999999861,0.4495914648717429,0.6520927483646215,530.8504499823739
631,308.763563,0.9116080000000011,0.4589406719301307,0.6600190233733532,431.2723845978666
632,309.695259,0.39069699999998875,0.4616038774441252,0.6499519288803434,505.5362970955822
633,310.105976,0.2204150000000027,0.46023482444700575,0.6399554482399327,470.1788413484728
634,310.346411,0.28050799999999754,0.4499530622294048,0.6409376714077238,472.35335283339316
635,310.646971,0.2604559999999765,0.44967451017705357,0.6310470533381287,484.9952978312474
636,310.927479,0.14023800000001074,0.4592453681153678,0.6223672238986515,516.2062891567225
637,311.087769,0.21039000000001806,0.46477186677872895,0.6038493927291098,517.9858686642543
638,311.338232,0.30049100000002227,0.45856534962424905,0.5766786258902789,514.4035115923149
639,311.658812,0.1903340000000071,0.4535518923477872,0.5950128749875335,533.6929191761345
640,311.869167,0.030079999999998108,0.45338519117858106,0.6095104299852515,496.5456962119683
641,311.91923,0.03008199999999306,0.47084802961851174,0.6101417955740546,453.69475391583467
642,312.259899,0.04007300000000669,0.46620843367687476,0.6557914147348011,485.25985182654324
643,312.350036,0.12021800000002258,0.4575550086028978,0.6520192236634323,505.14118384690335
644,312.490306,0.8615430000000401,0.4629707636487497,0.6630213759177511,517.2162964642387
645,313.371901,0.741326000000015,0.4559366156904429,0.6532396960049965,491.13484498365636
646,314.133279,1.8433349999999677,0.4633116795495758,0.6427817835415207,498.7082025184372
647,315.996634,0.19037100000002738,0.4880697744542232,0.6416414708408185,505.26411197283284
648,316.227077,0.4507899999999836,0.4899498961038795,0.6245014910022765,550.9255210199669
649,316.707947,0.270479000000023,0.46049329002324074,0.6281652513703468,606.5485405439334
650,316.998447,0.41071599999997943,0.4535751058404408,0.6107367947478733,580.6038717227784
651,317.429253,0.08014399999996158,0.45582924656807045,0.5980453616642479,558.2072826732141
652,317.52938,0.13027899999997317,0.46256041211380683,0.589013695949546,581.1446991964787
653,317.679679,0.30055899999996427,0.4578368727274773,0.570661939590935,491.01355319166817
654,318.010251,0.46088600000001634,0.4487308367800391,0.5762259207608919,473.38309664475725
655,318.491121,0.23044299999997975,0.4346768754300746,0.5874603033552493,437.26108904976604
656,318.741616,0.3005279999999857,0.44023623319558336,0.5897641694615545,496.0692218537388
657,319.062196,0.31052000000005364,0.45390870425803403,0.5904460278845094,510.6024230828979
658,319.392805,0.3205790000000093,0.45048885160994867,0.6215759959789128,508.6598112868974
659,319.743428,0.06009399999999232,0.4493752968388184,0.6694058918713395,432.57885278268986
660,319.823573,0.13024599999999964,0.44730917551293886,0.6603015624289467,508.57761970643463
661,319.973803,0.6211760000000481,0.4557720902276513,0.6697992423321211,421.69836330011753
662,320.614963,0.9116759999999999,0.4519531751987264,0.6543248692382387,555.8911123016485
663,321.546691,0.5509549999999876,0.46454662879664105,0.62726329016659,550.5214541956727
664,322.137718,0.2104229999999916,0.49949600693836377,0.6038218456667449,476.62799594883637
665,322.378153,0.16028999999997495,0.49677044408058735,0.6231880119115548,491.61075481093803
666,322.588575,0.46081900000001497,0.5061413123893614,0.7125488651342707,432.66758088410296
667,323.089466,0.22041400000000522,0.509670873289304,0.7602689232388017,493.37501829244957
668,323.520272,0.07011600000004137,0.41747891499367257,0.6842303421132451,406.7554779154106
669,323.610408,0.05006500000001779,0.43338219858768606,0.6679801593007758,445.2901363773244
670,323.680562,0.13020899999997937,0.4558182681988747,0.6685920137990538,402.94746122621336
671,323.880924,0.6311319999999796,0.45044810070435304,0.6606682784149066,485.84931836746966
672,324.532076,0.13020899999997937,0.45985485639511803,0.6650104235495556,480.13941720909145
673,324.682374,0.24043499999999085,0.45182975470424863,0.6596354036169997,475.9579204477539
674,324.942793,0.45085799999998244,0.4565292216300451,0.6503241428536799,542.3503331261111
675,325.413671,0.4407979999999725,0.46085343151511354,0.6612111600370963,536.2913366603241
676,325.874521,0.15022899999996753,0.4541441715650438,0.6496254692451098,572.7012333599976
677,326.04484,0.3506229999999846,0.4500259310946333,0.6591284826225248,472.2393745116849
678,326.415484,0.27051599999998643,0.4574489088743546,0.6518793830501668,500.19769595874027
679,326.705983,1.2623360000000048,0.46792249568192595,0.6500844098343728,500.07063308586913
680,327.988303,0.11022600000001148,0.477798161970445,0.6383711612468873,528.6549087234378
681,328.118581,0.3806730000000016,0.4960328126184665,0.6281668548898793,490.7436183887887
682,328.519306,0.3906650000000127,0.4948046321976115,0.616926518779831,491.5519784626073
683,328.930059,0.510913999999957,0.48873543102264017,0.6062790347857839,469.07274972296807
684,329.460994,0.6612119999999777,0.48472328864435466,0.6204792001516942,474.7718669500765
685,330.142226,0.15029900000001817,0.49589361570427387,0.6008718040380463,724.0851030437435
686,330.382662,0.21035399999999527,0.574202563390032,0.5299879579056141,492.4066005684746
687,330.613105,0.22034600000000637,0.5503554032965676,0.5387742425175083,771.7889596576732
688,330.883583,0.2604560000000333,0.4868473845879098,0.6309902357254039,425.52329814324554
689,331.164091,0.7112450000000194,0.47685502359225096,0.6383109577217454,495.3322430545844
690,331.915408,0.4708779999999706,0.45422585942457655,0.6511468533418215,509.16025291194705
691,332.406339,0.3306079999999838,0.44365837268026115,0.6495835685719067,808.4852398476258
692,332.756931,0.06016099999999369,0.4510457676997706,0.6610324316630708,502.5491562872284
693,332.837076,2.0737779999999475,0.45472930182715937,0.6493326004820352,505.8326013228702
694,334.930906,0.3005279999999857,0.4531315376663366,0.6381385623600343,422.2079647233028
695,335.301587,0.17028099999998858,0.46801425596265794,0.6433061491615171,383.9701007343381
696,335.542022,0.04007300000000669,0.43883424237794305,0.6246215535331566,504.050073745995
697,335.602078,0.090204999999969,0.44213518170087185,0.6350009533909454,527.3720179364974
698,335.712304,0.14026899999998932,0.4556783868349678,0.6423307535562351,502.89480789808596
699,335.872594,0.27051499999998896,0.4496997304889499,0.640610460659358,508.71627091977035
700,336.163094,0.45085699999998496,0.4485266467665817,0.6301095424451171,558.0979620417858
701,336.633972,1.3023709999999937,0.44634772825274066,0.641973028603178,528.1992280342981
702,337.956364,0.440796999999975,0.4657485238029235,0.6534286752686317,307.1360108481068
703,338.417213,0.08014600000001337,0.45556565889719697,0.6502754739712495,445.9593592670288
704,338.517379,0.24043499999999085,0.44935615510180416,0.6419555834117233,522.0266978204598
705,338.777865,0.4908999999999537,0.45405865255923494,0.6541311053412906,483.65916624006894
706,339.288748,0.9116759999999999,0.44636454228493233,0.6448108803792912,549.6998008031383
707,340.220476,0.260454999999979,0.448744989511564,0.6321611758937304,536.0476412166753
708,340.500983,0.16029099999997243,0.4257316354749567,0.6300102872894436,914.9659649572508
709,340.751447,0.05006500000001779,0.3760182961574723,0.661331677777384,644.0103114658086
710,340.821563,0.17031899999994948,0.3810118783492284,0.671018385612194,543.5280486950596
711,341.011866,0.17034899999998743,0.39574030811482314,0.678587086270695,478.669245702091
712,341.232317,0.23040699999995695,0.46622336431854894,0.6377472240038314,474.8385041186426
713,341.492737,0.5811030000000414,0.4523046600835789,0.6377739538992858,705.1735865745501
714,342.123904,0.3406320000000278,0.40143798713182793,0.6779136298754371,538.7102344755895
715,342.484556,0.44079800000002933,0.411735366887185,0.6714528054635642,544.126999398783
716,342.975419,0.36065200000001596,0.42795599275315604,0.6480833551366372,468.4953720986055
717,343.356159,0.19033500000000458,0.4366772190993664,0.6380621225221291,524.3327887778001
718,343.576506,0.4208140000000071,0.451853497113129,0.6435550296396019,467.38486116317506
719,344.017303,0.45085799999998244,0.45112094063202884,0.6551444000368424,516.3374274067272
720,344.488182,2.4644739999999956,0.4491500763202778,0.646247331371942,537.8488321165825
721,346.972677,0.380704000000037,0.4485351539539261,0.6580703609492008,486.9875540090212
722,347.373401,1.362464999999986,0.4475643825313523,0.6475162904668991,509.2898963966542
723,348.755918,0.7813989999999649,0.44594887008428546,0.6367030960190294,530.0423929280762
724,349.557368,0.6111169999999788,0.44342527276755833,0.6478243496160689,475.4155233835072
725,350.188469,0.07015200000000732,0.4509683598001877,0.6429852254548493,578.118901732765
726,350.278673,0.12021699999996827,0.44762680606299826,0.6593083460158505,460.88553842238014
727,350.418912,0.821501000000012,0.4476580091524608,0.6700301946509034,463.0625827798194
728,351.260434,0.48087000000003854,0.44543677808045057,0.6593583161750904,470.6455739200276
729,351.761355,0.5910289999999918,0.4491879722260847,0.6553284289170691,486.80905015223533
730,352.372472,0.1903340000000071,0.4568762024648396,0.640259686409621,523.5894127247035
731,352.602879,0.40072400000002517,0.48061375717282967,0.593341346208671,593.2893017558943
732,353.043676,0.02001999999998816,0.4396768122443252,0.6103018708498231,478.23882941425137
733,353.083748,0.24043499999999085,0.4423254352554745,0.6217357802789014,464.3166727690731
734,353.344204,0.390734000000009,0.447441606752961,0.6160491876583198,535.5834429130275
735,353.754922,0.19036999999997306,0.4385944309561742,0.6211225942421211,450.53803871088485
736,353.965343,0.29053699999997207,0.43873467046235454,0.6091916840746444,492.34589866615465
737,354.275865,0.46088399999996454,0.43909473995696063,0.5902604537800421,525.6707953366026
738,354.756735,0.060159999999996217,0.4387997000152442,0.5745384229274031,566.8159884185332
739,354.836879,0.6311670000000049,0.4488165104267311,0.5758961511008605,493.89866725830734
740,355.488099,0.23037400000004027,0.44664836127313057,0.585466435639505,471.8371120071344
741,355.738563,0.5109120000000189,0.44810025708380485,0.6082524918752511,509.7171495440109
742,356.289549,0.28050700000000006,0.44438918639054875,0.6650632969654857,453.51727750007797
743,356.610128,0.020021000000042477,0.4417379895052706,0.6656928588996569,535.4315767873319
744,356.650201,0.04007200000000921,0.4534261458134884,0.6726949311469496,344.3982548087673
745,356.720286,0.0701530000000048,0.399774947389547,0.6650419041653219,1515.0484760179868
746,356.82052,0.07011599999998452,0.4526736454228937,0.6741964779230932,362.7252945810597
747,356.910656,1.0418849999999793,0.44073104145199227,0.6584987501945274,445.3040361281803
748,357.972593,0.2203829999999698,0.4512308941046391,0.6568413781383139,475.51287265119225
749,358.213028,0.28050799999999754,0.45304908838369745,0.6467607994528054,485.98340167609484
750,358.513557,0.2604870000000119,0.4529413256478027,0.6357264284514719,517.5782483458322
751,358.794064,0.36065300000001344,0.4454881243634278,0.6275893715835359,484.9533898634747
752,359.174768,0.29053600000003144,0.4456972691283575,0.6105970591235327,508.82120196930816
753,359.485289,0.030079999999998108,0.44993326481544416,0.6029673147181642,470.5429824104069
754,359.535421,0.10016500000000406,0.45171098173012836,0.6161662193198973,533.1411325823661
755,359.655638,0.22038399999996727,0.45964366587550826,0.6258600703261905,515.1762320763391
756,359.896073,0.2504640000000222,0.44860863950247826,0.6333444611244048,463.6086309702534
757,360.166522,0.42081300000000965,0.45025074357927297,0.6432828506802937,524.3641338904619
758,360.607319,0.6010870000000068,0.4412222904636282,0.6536998680352628,474.465583474086
759,361.228495,0.4007249999999658,0.4432426713906414,0.6514413747673654,562.1763660593908
760,361.649205,0.5009570000000281,0.44233425749037053,0.6657401396167982,473.1100681681102
761,362.170147,2.1639130000000364,0.4622194593484718,0.6512639117016411,490.0546303014762
762,364.384193,0.12021800000002258,0.5194435765711896,0.5787744126012703,527.7031739624485
763,364.534424,0.2805060000000026,0.5416545933820682,0.5500029329177037,487.2210823254446
764,364.83502,0.07011600000004137,0.5303089731240533,0.5523640814936774,774.1286040621753
765,364.965229,0.22041400000000522,0.4109222357276654,0.65840187435358,459.04624798332515
766,365.245736,0.21035499999999274,0.41063156163158093,0.6454984007801221,525.5458078344877
767,365.486171,0.28050799999999754,0.4519209829144252,0.658313427935461,502.083245366254
768,365.786731,0.34060000000005175,0.46273694531301374,0.6758572123521579,491.2973258717737
769,366.147384,0.10016500000000406,0.4685049540476778,0.686450854141498,478.3157466051596
770,366.267601,0.14023800000001074,0.46145232521107615,0.6937692636821099,489.49856234429876
771,366.427891,0.13024599999999964,0.4702284921610299,0.6883296222324874,568.5585593321431
772,366.618194,0.20036199999998416,0.5421331405254175,0.5548818386557305,511.0959046025437
773,366.838645,0.40072400000002517,0.5233179982150873,0.5483626720174664,536.7618085344161
774,367.289434,0.22041499999994585,0.45698141245947704,0.590798052963582,464.9153691032039
775,367.539861,0.6512200000000234,0.4401206590269219,0.6447433880891142,535.6344699618975
776,368.221093,1.5628280000000245,0.44833069465177744,0.663981973254298,486.64591329109
777,369.80401,0.8314930000000231,0.4574556532302058,0.6568977345836973,485.5313369459268
778,370.655524,0.21035399999999527,0.4770437334782111,0.6511697735097781,461.9425463666938
779,370.895958,0.3706449999999677,0.5059226407586419,0.6280908971160455,465.0643552401291
780,371.286692,0.23040599999995948,0.5015633824383456,0.6312443738867529,471.57351878461253
781,371.567199,0.3205810000000042,0.45065312903746807,0.6544385466982569,479.32805306327083
782,371.907764,1.362464999999986,0.4476792006918229,0.6507275266606655,487.1812805572717
783,373.290317,1.2121669999999654,0.4438590742391367,0.6603178990475995,483.97186092258505
784,374.522536,0.3105199999999968,0.4477545280583467,0.6709017790898005,488.66165329241323
785,374.853144,1.7932340000000409,0.4535120743422059,0.659126359657755,516.1397097854053
786,376.666399,0.04007200000000921,0.4653712872326974,0.6531858383162757,487.4861900918306
787,376.726523,0.28050799999999754,0.46483290393142657,0.687314326138719,466.7301157829119
788,377.047103,0.24043499999999085,0.45729518310242795,0.7457038990046215,456.64534664415163
789,377.33764,0.25042700000000195,0.44396863635058587,0.6780172188227334,424.9234429941925
790,377.618147,0.22034700000000385,0.434095487808265,0.6245382328355573,550.1428210097123
791,377.868574,0.25042799999999943,0.434559627372953,0.6054655905000124,584.8962298569693
792,378.13909,0.41071599999997943,0.44584957730514413,0.6178450532042297,491.16637947102095
793,378.569858,0.8415229999999951,0.4404362123717701,0.6269890088464722,500.4566083167843
794,379.431401,0.9417200000000321,0.4412192338924212,0.6434302966170264,478.44397401327444
795,380.403134,0.24043499999999085,0.4427259397840254,0.6693880785409251,486.5321094825902
796,380.663656,0.44079899999996996,0.4497851734829793,0.6786712868419642,463.86228699158886
797,381.124439,1.192183,0.4447038429535029,0.670517289967016,548.7784291684474
798,382.336673,0.3606529999999566,0.4424700780948054,0.6586504670739534,555.3886678968087
799,382.717346,0.17028299999998353,0.4507511185985505,0.6474304995911655,632.4417357474755
800,382.907718,0.3506229999999846,0.44983173071097365,0.628455246780948,520.6882252685299
801,383.278363,0.16028799999998,0.4484130263197041,0.6090666657877662,514.0682883740527
802,383.458704,0.12021699999996827,0.4395853629527166,0.6229855137272289,478.8540009755642
803,383.598941,0.2904999999999518,0.4444998770346278,0.6353967919399401,530.944847953104
804,383.90953,2.4744660000000067,0.4448287001445504,0.6533113233087507,500.6258443623592
805,386.414009,0.3306389999999624,0.4470338165068982,0.6595671253325526,518.1733715945859
806,386.764668,0.3406330000000253,0.47455443317113916,0.6722423315325533,240.3433325733003
807,387.265591,0.21039100000001554,0.4482215913062185,0.673567023401993,487.07106135074247
808,387.495966,1.2623360000000048,0.45366128362873864,0.6648234596461586,470.74055659002266
809,388.778287,0.08014400000001842,0.46318471987032184,0.6570887066487436,454.3621501501094
810,388.87852,0.43076899999999796,0.47396323229106624,0.6422293391764705,450.8867681490203
811,389.349361,0.23037500000003774,0.49581855496721555,0.6301510875808508,560.5547371264996
812,389.629869,0.3105199999999968,0.45926682863455676,0.6451363160668205,523.7809421858233
813,389.960477,0.19033399999995027,0.45195127456059175,0.6446063676133295,488.9743484211551
814,390.170831,0.030080999999995583,0.4347902798909024,0.6382409881188289,458.5760517555345
815,390.220897,0.030079000000000633,0.4340407369326071,0.6250789459083753,444.161032959643
816,390.271028,0.04007300000000669,0.4267374760606101,0.6372661738878744,449.59234245753515
817,390.351173,0.020020999999985634,0.4263523624316227,0.6224590957486079,529.5566381026549
818,390.391246,0.05010099999998374,0.41697949355189506,0.6119066983948713,517.3040283877205
819,390.461332,0.11022399999995969,0.42758098588654325,0.6387387562349415,465.13241428071603
820,390.64171,0.05006300000002284,0.41889016485804653,0.6017321737169277,512.490823402638
821,390.711826,0.0801450000000159,0.42034866039069657,0.6110363430625589,528.1025599372732
822,390.811991,0.13021100000003116,0.431508387935062,0.6175047864780313,525.2615709815203
823,390.96229,1.2422480000000178,0.42710927784809544,0.612771371409975,465.6703006717051
824,392.224523,0.5910930000000008,0.435981798063859,0.6288245389779192,469.3503658245165
825,392.855689,0.25042799999999943,0.44423053333068546,0.6790875989055423,460.82182883207986
826,393.126205,0.871565999999973,0.4526240905316869,0.6854225613538664,487.98451431616803
827,394.017791,0.9918210000000158,0.4523057343279618,0.6750081079053406,484.4589416541844
828,395.029598,0.13027499999998327,0.4615569187193363,0.6608023735970461,508.3794694882819
829,395.179894,0.370646000000022,0.46239740574452703,0.6450486938483001,493.57475609201447
830,395.570628,0.6110790000000179,0.4520842786834122,0.6464944848014538,454.52335527480875
831,396.201758,0.37068199999998797,0.45285838294593095,0.6562161514462385,452.2261699338991
832,396.592425,1.6630590000000325,0.44726494164799563,0.648850008580777,521.369096661042
833,398.27547,0.3406669999999963,0.44554936635011266,0.6598502579932569,499.2900324520115
834,398.636122,0.05013200000001916,0.44592788011286816,0.6729226418570011,477.28545931680054
835,398.706274,1.3023719999999912,0.45040166788237007,0.6829846695898166,476.5808204415044
836,400.028667,0.801448999999991,0.46557738015208777,0.6795570168225354,442.5744183879125
837,400.850168,0.22038400000002412,0.48949081385423715,0.6557080490200506,495.35742216885296
838,401.110624,0.14026900000004616,0.521291757786828,0.5944877568977232,503.5464006521777
839,401.270914,0.09013900000002195,0.5221949399000734,0.5821679958349864,462.22503550991854
840,401.38114,0.27047899999996616,0.5028180122937829,0.5807511119328693,605.392794531548
841,401.711711,0.14027000000004364,0.4264872519770991,0.6198391979320299,511.96257946063497
842,401.881995,0.19036899999997559,0.39063018719001324,0.6162823152676946,669.9450192975356
843,402.092416,0.04007300000000669,0.3729136092550027,0.6115188889153731,567.4300456855606
844,402.152509,0.4708779999999706,0.398101724239006,0.6160104925223224,571.4797894428061
845,402.673452,0.020051000000023578,0.45074065532312063,0.6242622972639773,524.2264729367827
846,402.713524,0.020052000000021053,0.4526668482874972,0.6378320991050916,497.8913120216452
847,402.753596,0.04007300000000669,0.45141326588054653,0.6516074296707226,505.59390053697365
848,402.813721,0.3806730000000016,0.4414656835245794,0.6490249772770752,500.17778777556157
849,403.254519,0.24043399999999338,0.47179157237739927,0.6712635953416703,469.37927016873374
850,403.514974,0.20036199999998416,0.46145706986322305,0.6618441472153549,454.44112493286684
851,403.735389,0.11015700000001516,0.45254956134050256,0.6511152398347467,481.4339230622241
852,403.865635,0.32058000000000675,0.4423634310165835,0.6480062626833519,482.11313394124596
853,404.206199,0.4909289999999942,0.4421211848685224,0.6594322469588311,470.62641353525487
854,404.727141,0.33063999999995985,0.45157055131338314,0.6870782467181968,484.53265244350195
855,405.077802,1.6630240000000072,0.45272658560195167,0.6767978189660622,465.2985594914001
856,406.760846,0.18034299999999348,0.4617088963356211,0.6662616473714075,459.3858269413196
857,406.961208,0.10019799999997758,0.46712883724670423,0.6530719129951759,484.259609318567
858,407.081426,0.09013899999996511,0.4749115934977111,0.6314842201845129,489.03528494519185
859,407.201644,0.06012500000002774,0.48320417997766085,0.6024944456996162,516.5261816034923
860,407.281789,0.180341999999996,0.4639045568579387,0.6005356036728722,628.2309496574131
861,407.502203,0.27044999999998254,0.4301937261571279,0.6234599310326147,463.64204255908476
862,407.79274,0.18027499999999463,0.446297103904835,0.6108783458327427,540.9660597904691
863,407.993103,0.32058000000000675,0.45506326466196423,0.6214065246192454,489.7096826210444
864,408.333668,0.7413920000000189,0.4576334634373353,0.6326222786705614,531.7035094849485
865,409.095045,0.43080399999996644,0.45257647084009217,0.6243881044778917,510.7030207496361
866,409.545901,0.6812319999999659,0.4528564853313593,0.6343104520070924,572.7112579857314
867,410.247154,0.38070399999998017,0.4504146998681377,0.6243812887637354,463.992555463701
868,410.647879,0.020052000000021053,0.4494533027243726,0.6338988404060616,488.92152277571915
869,410.687952,0.3406320000000278,0.44691865327543095,0.6187387811271414,508.6528585319001
870,411.048604,0.180341999999996,0.44535598915989044,0.6320578127875071,478.8300706500358
871,411.248966,0.03008199999999306,0.4474277353890653,0.6504672945803037,439.44986894593
872,411.299032,0.37071199999996907,0.43950064517542714,0.6373342483314061,490.2620539843134
873,411.689764,0.37064599999996517,0.44332330511260926,0.6274003448749806,513.2865499105385
874,412.080498,1.0318550000000073,0.4504070721849736,0.6193166927924074,509.23809768375725
